Grade,Subject,Topic,SubTopic,link
2,Mathematics,Addition,Word Problems,https://www.youtube.com/watch?v=DJrHRdZ9WgU
2,Mathematics,Addition,Word Problems,https://www.youtube.com/watch?v=t8ON6hmOghk&t=12s
2,Mathematics,Addition,Word Problems,https://www.youtube.com/watch?v=9Uq6vpEQ8aQ
2,Mathematics,Capacity,Subtraction of capacity,https://www.youtube.com/watch?v=3_CPDqhFOXk
2,Mathematics,Capacity,Units of capacity,https://www.youtube.com/watch?v=qP7qubT1O-w
2,Mathematics,Capacity,Units of capacity,https://www.youtube.com/watch?v=HJ-QUDERA84
2,Mathematics,Capacity,Units of capacity,https://www.youtube.com/watch?v=xhC1hBBkWWk
2,Mathematics,Data Handling,Introduction to Data Handling,https://www.youtube.com/watch?v=hKHgqqk4NbE
2,Mathematics,Data Handling,Introduction to Data Handling,https://www.youtube.com/watch?v=-RD6m4t64EA
2,Mathematics,Data Handling,Introduction to Data Handling,https://www.youtube.com/watch?v=DWutzoPf9V8
2,Mathematics,Data Handling,Pictograph,https://www.youtube.com/watch?v=O7VZaoJeY6U&t=188s
2,Mathematics,Data Handling,Pictograph,https://www.youtube.com/watch?v=GWoya4T37PU
2,Mathematics,Data Handling,Pictograph,https://www.youtube.com/watch?v=1xlAj_QkViw
2,Mathematics,Division,Short Division Method,https://www.youtube.com/watch?v=SLze82Zcc4Y
2,Mathematics,Division,Short Division Method,https://www.youtube.com/watch?v=FApcjdAhnrY
2,Mathematics,Division,Word problems,https://www.youtube.com/watch?v=cT-dxQ2clz8
2,Mathematics,Division,Word problems,https://www.youtube.com/watch?v=t5H9Sq4p0AM
2,Mathematics,Division,Word problems,https://www.youtube.com/watch?v=hKsr8lH5YNc
2,Mathematics,Length,Addition of length,https://www.youtube.com/watch?v=_IN1C_KkZtA
2,Mathematics,Length,Addition of length,https://www.youtube.com/watch?v=3svjqHurujY
2,Mathematics,Length,Addition of length,https://www.youtube.com/watch?v=EM9zux9EKME
2,Mathematics,Length,Introduction to length,https://www.youtube.com/watch?v=ukzMc1Lr-8s
2,Mathematics,Length,Introduction to length,https://www.youtube.com/watch?v=ftB5VU64yGA
2,Mathematics,Length,Introduction to length,https://www.youtube.com/watch?v=me--8hwA7bA
2,Mathematics,Money,Addition of money,https://www.youtube.com/watch?v=pG4nLjAXqAQ
2,Mathematics,Money,Addition of money,https://www.youtube.com/watch?v=VHZClyKhkt8
2,Mathematics,Money,Addition of money,https://www.youtube.com/watch?v=Q_vtetAE1F4
2,Mathematics,Money,Comparing Money,
2,Mathematics,Money,Comparing Money,
2,Mathematics,Money,Comparing Money,
2,Mathematics,Money,Indian Rupees and Paisa,https://www.youtube.com/watch?v=DNuxarHCnB8&t=354s
2,Mathematics,Money,Indian Rupees and Paisa,https://www.youtube.com/watch?v=fdKHMf_HNxA
2,Mathematics,Money,Indian Rupees and Paisa,https://www.youtube.com/watch?v=KNsLqy7cXJM
2,Mathematics,Multiplication,Multiplication table of 2,https://www.youtube.com/watch?v=VKJ9cCQgPdc
2,Mathematics,Multiplication,Multiplication table of 2,https://www.youtube.com/watch?v=do0Cy9vX95w
2,Mathematics,Multiplication,Multiplication table of 3,https://www.youtube.com/watch?v=CgkbDcSaHl0
2,Mathematics,Multiplication,Multiplication table of 3,https://www.youtube.com/watch?v=_C8l8nDhdyY
2,Mathematics,Multiplication,Multiplication table of 3,https://www.youtube.com/watch?v=C6WmxYdSzg4
2,Mathematics,Multiplication,Multiplication tables,https://www.youtube.com/watch?v=CgkbDcSaHl0&t=1s
2,Mathematics,Multiplication,Multiplication tables,https://www.youtube.com/watch?v=M5Iu7AZ2Njg
2,Mathematics,Multiplication,Multiplication tables,https://www.youtube.com/watch?v=_C8l8nDhdyY&t=150s
2,Mathematics,Multiplication,Word problems,https://www.youtube.com/watch?v=XF7if5XJRtQ
2,Mathematics,Multiplication,Word problems,https://www.youtube.com/watch?v=phqeB32JZQU
2,Mathematics,Multiplication,Word problems,https://www.youtube.com/watch?v=5SdbxPtNbXA
2,Mathematics,Number System,Cardinal and Ordinal Numbers,https://www.youtube.com/watch?v=u9MqDV3C8Ok
2,Mathematics,Number System,Cardinal and Ordinal Numbers,https://www.youtube.com/watch?v=Z0PEwHQjEvU
2,Mathematics,Number System,Cardinal and Ordinal Numbers,https://www.youtube.com/watch?v=wiir5RX3JBw
2,Mathematics,Number System,Standard and Expanded Forms,https://www.youtube.com/watch?v=4AF7xj7pmWc
2,Mathematics,Number System,Standard and Expanded Forms,https://www.youtube.com/watch?v=GauzRyJKxCQ&t=57s
2,Mathematics,Patterns,Sequential Patterns with Figures,https://www.youtube.com/watch?v=wHzjLsTadVk
2,Mathematics,Patterns,Sequential Patterns with Figures,https://www.youtube.com/watch?v=yshzhYcD3EQ
2,Mathematics,Patterns,Sequential Patterns with Figures,https://www.youtube.com/watch?v=tGdNPR1b7Zc
2,Mathematics,Subtraction,Word Problems,https://www.youtube.com/watch?v=9BXaG66tM04
2,Mathematics,Subtraction,Word Problems,https://www.youtube.com/watch?v=wwex3QpucJ8
2,Mathematics,Subtraction,Word Problems,https://www.youtube.com/watch?v=qdOUhPg172s
2,Mathematics,Subtraction,Word Problems,https://www.youtube.com/watch?v=S5C_Kp184Zo
2,Mathematics,Time,Reading Clock,https://www.youtube.com/watch?v=HrxZWNu72WI
2,Mathematics,Time,Reading Clock,https://www.youtube.com/watch?v=a-5EhgGiDL4&t=17s
2,Mathematics,Time,Reading Clock,https://www.youtube.com/watch?v=Kj_tZ5sRf3M
2,Mathematics,Time,Units of time,https://www.youtube.com/watch?v=LEAgQjoQZjc
2,Mathematics,Time,Units of time,https://www.youtube.com/watch?v=WFEfoSmDne0
2,Mathematics,Weight,Addition of weights,https://www.youtube.com/watch?v=WMC1OPdgtZM&t=3s
2,Mathematics,Weight,Addition of weights,https://www.youtube.com/watch?v=4JTKnVaOHTY
2,Mathematics,Weight,Comparing weights,https://www.youtube.com/watch?v=ybEU-6U7s8k
2,Mathematics,Weight,Comparing weights,https://www.youtube.com/watch?v=sGOCPch4jhU
2,Mathematics,Weight,Estimating weights,https://www.youtube.com/watch?v=A-LsLr9cWPc
2,Mathematics,Weight,Introduction to weights,https://www.youtube.com/watch?v=Fd6Y3c0LePM&t=12s
2,Mathematics,Weight,Introduction to weights,https://www.youtube.com/watch?v=K1mYpyFDcbI&t=109s
2,Mathematics,Weight,Introduction to weights,https://www.youtube.com/watch?v=nh7I_cKLwQY
2,Science,Air,Air around us,
2,Science,Air,Air around us,
2,Science,Air,Air around us,
2,Science,Air,Properties of air,
2,Science,Air,Properties of air,
2,Science,Air,Properties of air,
2,Science,Animal Life,Introduction to Animal Life,
2,Science,Animal Life,Introduction to Animal Life,
2,Science,Animal Life,Introduction to Animal Life,
2,Science,Animal Life,Introduction to Animal Life,
2,Science,Food,Introduction to food,
2,Science,Food,Introduction to food,
2,Science,Food,Introduction to food,
2,Science,Food,Introduction to food,
2,Science,Houses,Introduction to houses,
2,Science,Houses,Introduction to houses,
2,Science,Houses,Introduction to houses,
2,Science,Houses,Introduction to houses,
2,Science,Houses,Types of houses,
2,Science,Houses,Types of houses,
2,Science,Houses,Types of houses,
2,Science,Houses,Types of houses,
2,Science,Our Clothes,Introduction to clothes,
2,Science,Our Clothes,Introduction to clothes,
2,Science,Our Clothes,Introduction to clothes,
2,Science,Our Clothes,Introduction to clothes,
2,Science,Rocks and Minerals,Introduction to Rocks and Minerals,
2,Science,Rocks and Minerals,Introduction to Rocks and Minerals,
2,Science,Rocks and Minerals,Introduction to Rocks and Minerals,
2,Science,Rocks and Minerals,Introduction to Rocks and Minerals,
2,Science,Safety and first aid,Introduction to First aid,
2,Science,Safety and first aid,Introduction to First aid,
2,Science,Safety and first aid,Introduction to First aid,
2,Science,Safety and first aid,Introduction to First aid,
2,Science,Safety and first aid,Introduction to Safety,
2,Science,Safety and first aid,Introduction to Safety,
2,Science,Safety and first aid,Introduction to Safety,
2,Science,Safety and first aid,Introduction to Safety,
2,Science,Water,Sources of water,
2,Science,Water,Sources of water,
2,Science,Water,Sources of water,
2,Science,Water,Sources of water,
2,Science,Water,Uses of water,
2,Science,Water,Uses of water,
2,Science,Water,Uses of water,
2,Science,Water,Uses of water,
3,Mathematics,Addition,Addition of 3 digit numbers,https://www.youtube.com/watch?v=Wz4QpwBZKOE
3,Mathematics,Addition,Addition of 3 digit numbers,https://www.youtube.com/watch?v=VzdEhL44MRQ
3,Mathematics,Addition,Addition of 3 digit numbers,https://www.youtube.com/watch?v=cE-yrJv4TEs
3,Mathematics,Addition,Addition of 3 digit numbers,https://www.youtube.com/watch?v=yOpdBCA5UcM
3,Mathematics,Addition,Word Problems,https://www.youtube.com/watch?v=INJKhnv95sQ
3,Mathematics,Addition,Word Problems,https://www.youtube.com/watch?v=w3ysDK_UGXc
3,Mathematics,Addition,Word Problems,https://www.youtube.com/watch?v=a3oR7s5TCDc
3,Mathematics,Addition,Word Problems,https://www.youtube.com/watch?v=DJrHRdZ9WgU
3,Mathematics,Data Handling,Bar Graph,https://www.youtube.com/watch?v=oYXmY5axC2I
3,Mathematics,Data Handling,Bar Graph,https://www.youtube.com/watch?v=iCnh6EL1Lmo
3,Mathematics,Data Handling,Bar Graph,https://www.youtube.com/watch?v=XbZ8z_ITjvE
3,Mathematics,Division,Short Division Method,https://www.youtube.com/watch?v=SLze82Zcc4Y
3,Mathematics,Division,Short Division Method,https://www.youtube.com/watch?v=FApcjdAhnrY
3,Mathematics,Fractions,Subtraction of fractions,https://www.youtube.com/watch?v=c5dNa2TVHiQ
3,Mathematics,Fractions,Subtraction of fractions,https://www.youtube.com/watch?v=2DPivVFCdqA
3,Mathematics,Fractions,Subtraction of fractions,https://www.youtube.com/watch?v=1xsKnSoTAJA
3,Mathematics,Fractions,Subtraction of fractions,https://www.youtube.com/watch?v=5juto2ze8Lg
3,Mathematics,Length,Addition of length,https://www.youtube.com/watch?v=Y-c25-JBQOg
3,Mathematics,Length,Addition of length,https://www.youtube.com/watch?v=_IN1C_KkZtA
3,Mathematics,Length,Introduction to length,https://www.youtube.com/watch?v=ukzMc1Lr-8s
3,Mathematics,Length,Introduction to length,https://www.youtube.com/watch?v=ftB5VU64yGA
3,Mathematics,Length,Introduction to length,https://www.youtube.com/watch?v=me--8hwA7bA
3,Mathematics,Money,Multiplication and Division of Money,https://www.youtube.com/watch?v=HGr-4rwjx8s
3,Mathematics,Money,"Addition, Subtraction, Multiplication and Division of Money",https://www.youtube.com/watch?v=Rno5fIMv6dM
3,Mathematics,Money,Multiplication of money,https://www.youtube.com/watch?v=zdMEnzzBKus
3,Mathematics,Money,Division of money,https://www.youtube.com/watch?v=Bec0z5zYXbM
3,Mathematics,Multiplication,Multiplication table of 2,https://www.youtube.com/watch?v=VKJ9cCQgPdc
3,Mathematics,Multiplication,Multiplication table 2 to 4,https://www.youtube.com/watch?v=do0Cy9vX95w
3,Mathematics,Multiplication,Multiplication tables,https://www.youtube.com/watch?v=bCjCKWacgmw
3,Mathematics,Multiplication,Multiplication tables,https://www.youtube.com/watch?v=RLBnSisLS3I
3,Mathematics,Multiplication,Multiplication tables,https://www.youtube.com/watch?v=CgkbDcSaHl0
3,Mathematics,Number System,Comparing and Ordering Numbers,https://www.youtube.com/watch?v=bCoT2OEmMk4
3,Mathematics,Number System,Comparing and Ordering Numbers,https://www.youtube.com/watch?v=1zQ48irEcEg
3,Mathematics,Number System,Place Value of Numbers,https://www.youtube.com/watch?v=QS32l5WhSuY
3,Mathematics,Number System,Place Value of Numbers,https://www.youtube.com/watch?v=gmlc_vkuNR4
3,Mathematics,Number System,Place Value of Numbers,https://www.youtube.com/watch?v=HZd6YC6OnJk
3,Mathematics,Number System,Place Value of Numbers,https://www.youtube.com/watch?v=T5Qf0qSSJFI
3,Mathematics,Subtraction,Word Problems,https://www.youtube.com/watch?v=9BXaG66tM04
3,Mathematics,Subtraction,Word Problems,https://www.youtube.com/watch?v=wwex3QpucJ8
3,Mathematics,Subtraction,Word Problems,https://www.youtube.com/watch?v=qdOUhPg172s
3,Mathematics,Subtraction,Word Problems,https://www.youtube.com/watch?v=S5C_Kp184Zo
3,Mathematics,Time,Calendar,https://www.youtube.com/watch?v=zskdsI_7dJ4
3,Mathematics,Time,Calendar,https://www.youtube.com/watch?v=D8ZQTsbJ55w
3,Mathematics,Time,Calendar,https://www.youtube.com/watch?v=C9UxXIMsu8U
3,Mathematics,Time,Introduction to time,https://www.youtube.com/watch?v=s7D8DjZ0n8c
3,Mathematics,Time,Introduction to time,https://www.youtube.com/watch?v=IBBQXBhSNUs
3,Mathematics,Time,Introduction to time,https://www.youtube.com/watch?v=T9ysT3TLFj8
3,Mathematics,Time,Introduction to time,https://www.youtube.com/watch?v=kvsCC00jdIA
3,Mathematics,Time,Introduction to time,https://www.youtube.com/watch?v=XduO9oiDtRQ
3,Mathematics,Triangles,Classification of triangles,https://www.youtube.com/watch?v=C_IlftPPtqo
3,Mathematics,Triangles,Classification of triangles,https://www.youtube.com/watch?v=1k0G-Y41jRA
3,Mathematics,Triangles,Classification of triangles,https://www.youtube.com/watch?v=Uz7YCKp-zRI
3,Mathematics,Triangles,Introduction to triangles,https://www.youtube.com/watch?v=AhmU6ZgbaiI
3,Science,Animal Life,Habitats of animals,
3,Science,Animal Life,Habitats of animals,
3,Science,Animal Life,Habitats of animals,
3,Science,Animal Life,Introduction to Animal Life,
3,Science,Animal Life,Introduction to Animal Life,
3,Science,Animal Life,Introduction to Animal Life,
3,Science,Animal Life,Introduction to Animal Life,
3,Science,Birds,Introduction to birds,
3,Science,Birds,Introduction to birds,
3,Science,Birds,Introduction to birds,
3,Science,Birds,Introduction to birds,
3,Science,Energy,Forms of Energy,
3,Science,Energy,Forms of Energy,
3,Science,Energy,Forms of Energy,
3,Science,Energy,Forms of Energy,
3,Science,Energy,Introduction to Energy,
3,Science,Energy,Introduction to Energy,
3,Science,Energy,Introduction to Energy,
3,Science,Energy,Introduction to Energy,
3,Science,Food,Balanced Diet,
3,Science,Food,Balanced Diet,
3,Science,Food,Balanced Diet,
3,Science,Food,Balanced Diet,
3,Science,Food,Composition of food,
3,Science,Food,Composition of food,
3,Science,Food,Composition of food,
3,Science,Food,Composition of food,
3,Science,Food,Introduction to food,
3,Science,Food,Introduction to food,
3,Science,Food,Introduction to food,
3,Science,Food,Introduction to food,
3,Science,Force,Introduction to Force,
3,Science,Force,Introduction to Force,
3,Science,Force,Introduction to Force,
3,Science,Force,Introduction to Force,
3,Science,Houses,Introduction to houses,
3,Science,Houses,Introduction to houses,
3,Science,Houses,Introduction to houses,
3,Science,Houses,Introduction to houses,
3,Science,Houses,Types of houses,
3,Science,Houses,Types of houses,
3,Science,Houses,Types of houses,
3,Science,Houses,Types of houses,
3,Science,Human Body,Introduction to Human Body,
3,Science,Living and non living things,Characteristic of living things,
3,Science,Living and non living things,Characteristic of living things,
3,Science,Living and non living things,Characteristic of living things,
3,Science,Matter,Introduction to matter,
3,Science,Matter,Introduction to matter,
3,Science,Matter,Introduction to matter,
3,Science,Matter,Introduction to matter,
3,Science,Matter,States of matter,
3,Science,Matter,States of matter,
3,Science,Matter,States of matter,
3,Science,Matter,States of matter,
3,Science,Our Clothes,Introduction to clothes,
3,Science,Our Clothes,Introduction to clothes,
3,Science,Our Clothes,Introduction to clothes,
3,Science,Our Clothes,Introduction to clothes,
3,Science,Plant Life,Introduction to Plant Life,
3,Science,Plant Life,Introduction to Plant Life,
3,Science,Plant Life,Introduction to Plant Life,
3,Science,Plant Life,Introduction to Plant Life,
3,Science,Plant Life,Root system,
3,Science,Plant Life,Root system,
3,Science,Plant Life,Root system,
3,Science,Plant Life,Root system,
3,Science,Plant Life,Shoot system,
3,Science,Plant Life,Shoot system,
3,Science,Plant Life,Shoot system,
3,Science,Plant Life,Shoot system,
3,Science,Pollution,Introduction to Pollution,
3,Science,Pollution,Introduction to Pollution,
3,Science,Safety and first aid,Introduction to First aid,
3,Science,Safety and first aid,Introduction to First aid,
3,Science,Safety and first aid,Introduction to First aid,
3,Science,Safety and first aid,Introduction to First aid,
3,Science,Safety and first aid,Introduction to Safety,
3,Science,Safety and first aid,Introduction to Safety,
3,Science,Safety and first aid,Introduction to Safety,
3,Science,Safety and first aid,Introduction to Safety,
3,Science,Soil,Introduction to soil,
3,Science,Soil,Introduction to soil,
3,Science,Soil,Kinds of soil,
3,Science,Soil,Kinds of soil,
3,Science,Soil,Soil Profile,
3,Science,Soil,Soil Profile,
3,Science,Soil,Soil Profile,
3,Science,Soil,Soil Profile,
3,Science,The Universe,Story of the Universe,
3,Science,The Universe,Story of the Universe,
3,Science,The Universe,Story of the Universe,
3,Science,The Universe,Story of the Universe,
3,Science,Water,Sources of water,
3,Science,Water,Sources of water,
3,Science,Water,Sources of water,
3,Science,Water,Sources of water,
3,Science,Water,Uses of water,
3,Science,Water,Uses of water,
3,Science,Water,Uses of water,
3,Science,Water,Uses of water,
4,Mathematics,Addition,Addition of 4 digit numbers,https://www.youtube.com/watch?v=Y_ERVptfRTY
4,Mathematics,Addition,Addition of 4 digit numbers,https://www.youtube.com/watch?v=Y_ERVptfRTY
4,Mathematics,Addition,Addition of 4 digit numbers,https://www.youtube.com/watch?v=uzAF0iewbjM
4,Mathematics,Addition,Addition of 4 digit numbers,https://www.youtube.com/watch?v=xH3ZTesWt_Y
4,Mathematics,Subtraction,Subtraction of large numbers,https://www.youtube.com/watch?v=YJ6LljkBP8k
4,Mathematics,Subtraction,Subtraction of large numbers,https://www.youtube.com/watch?v=apRK3uYnUMI
4,Mathematics,Subtraction,Subtraction of large numbers,https://www.youtube.com/watch?v=9dA6KVJAFq4&t=88s
4,Mathematics,Subtraction,Subtraction of large numbers,https://www.youtube.com/watch?v=AnqfQbi9yjU
4,Mathematics,Triangles,Classification of triangles,https://www.youtube.com/watch?v=viM7a4IUp9Y
4,Science,Adaptation,Adaptation in amphibians,
4,Science,Adaptation,Adaptation in amphibians,
4,Science,Adaptation,Adaptation in amphibians,
4,Science,Adaptation,Adaptation in amphibians,
4,Science,Adaptation,Adaptation in amphibians,
4,Science,Adaptation,Adaptation in amphibians,
4,Science,Adaptation,Adaptation in amphibians,
4,Science,Adaptation,Adaptation in amphibians,
4,Science,Adaptation,Adaptation in amphibians,
4,Science,Adaptation,Adaptation in aquatic animals,
4,Science,Adaptation,Adaptation in aquatic animals,
4,Science,Adaptation,Adaptation in aquatic animals,
4,Science,Adaptation,Adaptation in aquatic animals,
4,Science,Adaptation,Adaptation in aquatic animals,
4,Science,Adaptation,Adaptation in aquatic animals,
4,Science,Adaptation,Adaptation in aquatic animals,
4,Science,Adaptation,Adaptation in aquatic animals,
4,Science,Adaptation,Adaptation in aquatic animals,
4,Science,Adaptation,Adaptation in aquatic animals,
4,Science,Adaptation,Adaptation in aquatic plants,
4,Science,Adaptation,Adaptation in aquatic plants,
4,Science,Adaptation,Adaptation in aquatic plants,
4,Science,Adaptation,Adaptation in aquatic plants,
4,Science,Adaptation,Adaptation in terrestrial animals,
4,Science,Adaptation,Adaptation in terrestrial animals,
4,Science,Adaptation,Adaptation in terrestrial animals,
4,Science,Adaptation,Adaptation in terrestrial animals,
4,Science,Adaptation,Adaptation in terrestrial plants,
4,Science,Adaptation,Adaptation in terrestrial plants,
4,Science,Adaptation,Adaptation in terrestrial plants,
4,Science,Adaptation,Adaptation in terrestrial plants,
4,Science,Adaptation,Introduction to Adaptation,
4,Science,Adaptation,Introduction to Adaptation,
4,Science,Adaptation,Introduction to Adaptation,
4,Science,Adaptation,Introduction to Adaptation,
4,Science,Adaptation,Introduction to Adaptation,
4,Science,Adaptation,Introduction to Adaptation,
4,Science,Adaptation,Introduction to Adaptation,
4,Science,Adaptation,Introduction to Adaptation,
4,Science,Adaptation,Introduction to Adaptation,
4,Science,Adaptation,Introduction to Adaptation,
4,Science,Adaptation,Other adaptation in plants,
4,Science,Adaptation,Other adaptation in plants,
4,Science,Adaptation,Other adaptation in plants,
4,Science,Adaptation,Other adaptation in plants,
4,Science,Adaptation,Other adaptation in plants,
4,Science,Adaptation,Other adaptation in plants,
4,Science,Adaptation,Other adaptation in plants,
4,Science,Adaptation,Other adaptation in plants,
4,Science,Adaptation,Other adaptation in plants,
4,Science,Adaptation,Other adaptation in plants,
4,Science,Air,Properties of air,
4,Science,Air,Properties of air,
4,Science,Animal Life,Life Cycle of Animals,
4,Science,Animal Life,Life Cycle of Animals,
4,Science,Animal Life,Life Cycle of Animals,
4,Science,Animal Life,Life Cycle of Animals,
4,Science,Energy,Conservation of Energy,
4,Science,Energy,Conservation of Energy,
4,Science,Energy,Conservation of Energy,
4,Science,Energy,Conservation of Energy,
4,Science,Energy,Introduction to Energy,
4,Science,Energy,Introduction to Energy,
4,Science,Energy,Introduction to Energy,
4,Science,Energy,Introduction to Energy,
4,Science,Energy,Non renewable Sources of Energy,
4,Science,Energy,Non renewable Sources of Energy,
4,Science,Energy,Non renewable Sources of Energy,
4,Science,Energy,Non renewable Sources of Energy,
4,Science,Energy,Non renewable Sources of Energy,
4,Science,Energy,Non renewable Sources of Energy,
4,Science,Energy,Non renewable Sources of Energy,
4,Science,Energy,Non renewable Sources of Energy,
4,Science,Energy,Non renewable Sources of Energy,
4,Science,Energy,Non renewable Sources of Energy,
4,Science,Energy,Renewable Sources of Energy,
4,Science,Energy,Renewable Sources of Energy,
4,Science,Energy,Renewable Sources of Energy,
4,Science,Energy,Renewable Sources of Energy,
4,Science,Food,Balanced Diet,
4,Science,Food,Balanced Diet,
4,Science,Food,Balanced Diet,
4,Science,Food,Balanced Diet,
4,Science,Food,Composition of food,
4,Science,Food,Composition of food,
4,Science,Food,Composition of food,
4,Science,Food,Composition of food,
4,Science,Food,Cooking and Preservation,
4,Science,Food,Introduction to food,
4,Science,Food,Introduction to food,
4,Science,Food,Introduction to food,
4,Science,Food,Introduction to food,
4,Science,Food,Introduction to food,
4,Science,Food,Introduction to food,
4,Science,Food,Introduction to food,
4,Science,Food,Introduction to food,
4,Science,Food,Introduction to food,
4,Science,Food,Introduction to food,
4,Science,Force,Introduction to Force,
4,Science,Force,Introduction to Force,
4,Science,Force,Introduction to Force,
4,Science,Force,Introduction to Force,
4,Science,Force,Introduction to Force,
4,Science,Force,Introduction to Force,
4,Science,Force,Introduction to Force,
4,Science,Force,Introduction to Force,
4,Science,Force,Introduction to Force,
4,Science,Force,Introduction to Force,
4,Science,Force,Types of Forces,
4,Science,Force,Types of Forces,
4,Science,Force,Types of Forces,
4,Science,Force,Types of Forces,
4,Science,Force,Types of Forces,
4,Science,Human Body,Digestive System,
4,Science,Human Body,Digestive System,
4,Science,Human Body,Digestive System,
4,Science,Human Body,Digestive System,
4,Science,Human Body,Digestive System,
4,Science,Human Body,Digestive System,
4,Science,Human Body,Digestive System,
4,Science,Human Body,Digestive System,
4,Science,Human Body,Digestive System,
4,Science,Human Body,Digestive System,
4,Science,Matter,Introduction to matter,
4,Science,Matter,Introduction to matter,
4,Science,Matter,Introduction to matter,
4,Science,Matter,Introduction to matter,
4,Science,Matter,Introduction to matter,
4,Science,Matter,Introduction to matter,
4,Science,Matter,Introduction to matter,
4,Science,Matter,Introduction to matter,
4,Science,Matter,Introduction to matter,
4,Science,Matter,Introduction to matter,
4,Science,Matter,States of matter,
4,Science,Matter,States of matter,
4,Science,Matter,States of matter,
4,Science,Matter,States of matter,
4,Science,Our Clothes,Fibres,
4,Science,Our Clothes,Types of clothes,
4,Science,Our Clothes,Types of clothes,
4,Science,Our Clothes,Types of clothes,
4,Science,Our Clothes,Types of clothes,
4,Science,Plant Life,Shoot system,
4,Science,Plant Life,Shoot system,
4,Science,Plant Life,Shoot system,
4,Science,Plant Life,Shoot system,
4,Science,Pollution,Air pollution,
4,Science,Pollution,Air pollution,
4,Science,Pollution,Air pollution,
4,Science,Pollution,Air pollution,
4,Science,Pollution,Noise pollution,
4,Science,Pollution,Noise pollution,
4,Science,Pollution,Noise pollution,
4,Science,Pollution,Noise pollution,
4,Science,Pollution,Soil pollution,
4,Science,Pollution,Soil pollution,
4,Science,Pollution,Soil pollution,
4,Science,Pollution,Soil pollution,
4,Science,Pollution,Water pollution,
4,Science,Pollution,Water pollution,
4,Science,Pollution,Water pollution,
4,Science,Pollution,Water pollution,
4,Science,Safety and first aid,Introduction to First aid,
4,Science,Safety and first aid,Introduction to First aid,
4,Science,Safety and first aid,Introduction to First aid,
4,Science,Safety and first aid,Introduction to First aid,
4,Science,Safety and first aid,Introduction to Safety,
4,Science,Safety and first aid,Introduction to Safety,
4,Science,Safety and first aid,Introduction to Safety,
4,Science,Safety and first aid,Introduction to Safety,
4,Science,Soil,Kinds of soil,
4,Science,Soil,Kinds of soil,
4,Science,Teeth,Introduction to teeth,
4,Science,Teeth,Introduction to teeth,
4,Science,Teeth,Introduction to teeth,
4,Science,Teeth,Introduction to teeth,
4,Science,The Universe,Events observed on Earth,
4,Science,The Universe,Events observed on Earth,
4,Science,The Universe,Events observed on Earth,
4,Science,The Universe,Events observed on Earth,
4,Science,The Universe,Solar system,
4,Science,The Universe,Solar system,
4,Science,The Universe,Solar system,
4,Science,The Universe,Solar system,
4,Science,Water,Forms of water,
4,Science,Water,Introduction to water,
4,Science,Water,Introduction to water,
4,Science,Water,The water cycle,
4,Science,Water,The water cycle,
4,Science,Water,The water cycle,
4,Science,Water,The water cycle,
4,Science,Water,Uses of water,
4,Science,Water,Uses of water,
4,Science,Water,Uses of water,
4,Science,Water,Uses of water,
4,Science,Work,Introduction to Work,
4,Science,Work,Introduction to Work,
4,Science,Work,Introduction to Work,
4,Science,Work,Introduction to Work,
4,Mathematics,Triangles,Classification of triangles,https://www.youtube.com/watch?v=1k0G-Y41jRA
5,Mathematics,Addition,Addition of large numbers,https://www.youtube.com/watch?v=u1jvS6b31qg
5,Mathematics,Addition,Addition of large numbers,https://www.youtube.com/watch?v=63jN3AvqDgk&t=157s
5,Mathematics,Addition,Addition of large numbers,https://www.youtube.com/watch?v=vXF387lT9v4
5,Mathematics,Averages,Compute Averages,https://www.youtube.com/watch?v=KLiPsqS0MwQ&t=71s
5,Mathematics,Averages,Compute Averages,https://www.youtube.com/watch?v=fh-9AARg9Mk
5,Mathematics,Averages,Compute Averages,https://www.youtube.com/watch?v=CiOcX3QUCZ4
5,Mathematics,Averages,Compute Averages,https://www.youtube.com/watch?v=ymsISuNqwzo
5,Mathematics,BODMAS,Brackets Rule,https://www.youtube.com/watch?v=b6eYskrdHnY
5,Mathematics,BODMAS,Brackets Rule,https://www.youtube.com/watch?v=-WSeVxvN85c
5,Mathematics,BODMAS,Brackets Rule,https://www.youtube.com/watch?v=D4OT22mOe2I
5,Mathematics,Decimals,Introduction to Decimals,https://www.youtube.com/watch?v=b3Y8pNsZduA
5,Mathematics,Decimals,Introduction to Decimals,https://www.youtube.com/watch?v=KZCYSdvyiks
5,Mathematics,Decimals,Introduction to Decimals,https://www.youtube.com/watch?v=VFayCx1f66A
5,Mathematics,Decimals,Operations on Decimals,https://www.youtube.com/watch?v=TOEF-2dUHz8
5,Mathematics,Decimals,Operations on Decimals,https://www.youtube.com/watch?v=ukUx_rxeq-0
5,Mathematics,Decimals,Operations on Decimals,https://www.youtube.com/watch?v=S94zm4WQG3w
5,Mathematics,Division,Division by 3 digit numbers,https://www.youtube.com/watch?v=oLq3X4vX6ww
5,Mathematics,Division,Division by 3 digit numbers,https://www.youtube.com/watch?v=4J9_si3znC0
5,Mathematics,Factors and Multiples,Test of Divisibility,https://www.youtube.com/watch?v=Eoy17tTD69w
5,Mathematics,Factors and Multiples,Test of Divisibility,https://www.youtube.com/watch?v=CqrYYiffPr0
5,Mathematics,Factors and Multiples,Test of Divisibility,https://www.youtube.com/watch?v=s_yficzgPms
5,Mathematics,Money,Multiplication and Division of Money,https://www.youtube.com/watch?v=ckfkl9PGpGU
5,Mathematics,Money,Multiplication and Division of Money,https://www.youtube.com/watch?v=HGr-4rwjx8s
5,Mathematics,Money,Multiplication and Division of Money,https://www.youtube.com/watch?v=lV4ZVfWfPEA
5,Mathematics,Percentage,Introduction to Percentage,https://www.youtube.com/watch?v=UgD7A3dXB_E
5,Mathematics,Percentage,Introduction to Percentage,https://www.youtube.com/watch?v=NO5I1kVNJ7Q
5,Mathematics,Percentage,Introduction to Percentage,https://www.youtube.com/watch?v=y1m-C-rJmAc
5,Mathematics,Ratio and Proportion,Conversion of Ratios,Video unavailable
5,Science,Air,Atmosphere,
5,Science,Air,Atmosphere,
5,Science,Air,Atmosphere,
5,Science,Air,Properties of air,
5,Science,Animal Life,Introduction to Animal Life,
5,Science,Animal Life,Introduction to Animal Life,
5,Science,Animal Life,Introduction to Animal Life,
5,Science,Animal Life,Introduction to Animal Life,
5,Science,Diseases,Introduction to disease,
5,Science,Diseases,Introduction to disease,
5,Science,Diseases,Introduction to disease,
5,Science,Diseases,Introduction to disease,
5,Science,Diseases,Prevention of disease,
5,Science,Diseases,Prevention of disease,
5,Science,Diseases,Prevention of disease,
5,Science,Diseases,Types of diseases,
5,Science,Energy,Conservation of Energy,
5,Science,Energy,Conservation of Energy,
5,Science,Energy,Conservation of Energy,
5,Science,Energy,Conservation of Energy,
5,Science,Energy,Forms of Energy,
5,Science,Energy,Forms of Energy,
5,Science,Energy,Forms of Energy,
5,Science,Energy,Forms of Energy,
5,Science,Energy,Inter Conversion of Energy,
5,Science,Energy,Inter Conversion of Energy,
5,Science,Energy,Inter Conversion of Energy,
5,Science,Energy,Introduction to Energy,
5,Science,Energy,Introduction to Energy,
5,Science,Energy,Introduction to Energy,
5,Science,Energy,Introduction to Energy,
5,Science,Energy,Non renewable Sources of Energy,
5,Science,Energy,Renewable Sources of Energy,
5,Science,Energy,Renewable Sources of Energy,
5,Science,Food,Balanced Diet,
5,Science,Food,Balanced Diet,
5,Science,Food,Balanced Diet,
5,Science,Food,Balanced Diet,
5,Science,Food,Composition of food,
5,Science,Food,Composition of food,
5,Science,Food,Composition of food,
5,Science,Food,Composition of food,
5,Science,Food,Introduction to food,
5,Science,Food,Introduction to food,
5,Science,Food,Introduction to food,
5,Science,Food,Introduction to food,
5,Science,Force,Introduction to Force,
5,Science,Force,Introduction to Force,
5,Science,Force,Introduction to Force,
5,Science,Force,Introduction to Force,
5,Science,Force,Types of Forces,
5,Science,Force,Types of Forces,
5,Science,Force,Types of Forces,
5,Science,Force,Types of Forces,
5,Science,Houses,Introduction to houses,
5,Science,Houses,Introduction to houses,
5,Science,Houses,Introduction to houses,
5,Science,Houses,Introduction to houses,
5,Science,Houses,Types of houses,
5,Science,Houses,Types of houses,
5,Science,Houses,Types of houses,
5,Science,Houses,Types of houses,
5,Science,Human Body,Muscular System,
5,Science,Human Body,Muscular System,
5,Science,Human Body,Muscular System,
5,Science,Human Body,Muscular System,
5,Science,Human Body,Nervous System,
5,Science,Human Body,Nervous System,
5,Science,Human Body,Nervous System,
5,Science,Human Body,Nervous System,
5,Science,Human Body,Skeletal System,
5,Science,Human Body,Skeletal System,
5,Science,Human Body,Skeletal System,
5,Science,Human Body,Skeletal System,
5,Science,Natural Hazards and Disasters,Climatic Hazards,
5,Science,Natural Hazards and Disasters,Climatic Hazards,
5,Science,Natural Hazards and Disasters,Climatic Hazards,
5,Science,Natural Hazards and Disasters,Climatic Hazards,
5,Science,Natural Hazards and Disasters,Geological Hazards,
5,Science,Natural Hazards and Disasters,Geological Hazards,
5,Science,Natural Hazards and Disasters,Geological Hazards,
5,Science,Natural Hazards and Disasters,Geological Hazards,
5,Science,Natural Hazards and Disasters,Introduction to Natural Hazards and Diasters,
5,Science,Natural Hazards and Disasters,Introduction to Natural Hazards and Diasters,
5,Science,Natural Hazards and Disasters,Introduction to Natural Hazards and Diasters,
5,Science,Our Clothes,Fibres,
5,Science,Our Clothes,Types of clothes,
5,Science,Our Clothes,Types of clothes,
5,Science,Our Clothes,Types of clothes,
5,Science,Our Clothes,Types of clothes,
5,Science,Plant Life,Agriculture,
5,Science,Plant Life,Agriculture,
5,Science,Plant Life,Agriculture,
5,Science,Plant Life,Agriculture,
5,Science,Plant Life,Shoot system,
5,Science,Plant Life,Shoot system,
5,Science,Plant Life,Shoot system,
5,Science,Plant Life,Shoot system,
5,Science,Pollution,Air pollution,
5,Science,Pollution,Air pollution,
5,Science,Pollution,Air pollution,
5,Science,Pollution,Air pollution,
5,Science,Pollution,Noise pollution,
5,Science,Pollution,Noise pollution,
5,Science,Pollution,Noise pollution,
5,Science,Pollution,Noise pollution,
5,Science,Pollution,Soil pollution,
5,Science,Pollution,Soil pollution,
5,Science,Pollution,Soil pollution,
5,Science,Pollution,Soil pollution,
5,Science,Pollution,Water pollution,
5,Science,Pollution,Water pollution,
5,Science,Pollution,Water pollution,
5,Science,Pollution,Water pollution,
5,Science,Rocks and Minerals,Igneous Rocks,
5,Science,Rocks and Minerals,Igneous Rocks,
5,Science,Rocks and Minerals,Igneous Rocks,
5,Science,Rocks and Minerals,Igneous Rocks,
5,Science,Rocks and Minerals,Introduction to Rocks and Minerals,
5,Science,Rocks and Minerals,Introduction to Rocks and Minerals,
5,Science,Rocks and Minerals,Introduction to Rocks and Minerals,
5,Science,Rocks and Minerals,Introduction to Rocks and Minerals,
5,Science,Rocks and Minerals,Metamorphic Rocks,
5,Science,Rocks and Minerals,Sedimentary Rocks,
5,Science,Safety and first aid,Introduction to First aid,
5,Science,Safety and first aid,Introduction to First aid,
5,Science,Safety and first aid,Introduction to First aid,
5,Science,Safety and first aid,Introduction to First aid,
5,Science,Safety and first aid,Introduction to Safety,
5,Science,Safety and first aid,Introduction to Safety,
5,Science,Safety and first aid,Introduction to Safety,
5,Science,Safety and first aid,Introduction to Safety,
5,Science,Simple machines,Introduction to simple machines,
5,Science,Simple machines,Introduction to simple machines,
5,Science,Simple machines,Introduction to simple machines,
5,Science,Simple machines,Introduction to simple machines,
5,Science,Soil,Conservation of soil,
5,Science,Soil,Conservation of soil,
5,Science,Soil,Conservation of soil,
5,Science,Soil,Conservation of soil,
5,Science,Soil,Soil erosion,
5,Science,Soil,Soil erosion,
5,Science,Soil,Soil erosion,
5,Science,Soil,Soil erosion,
5,Science,The Universe,Events observed on Earth,
5,Science,The Universe,Events observed on Earth,
5,Science,The Universe,Events observed on Earth,
5,Science,The Universe,Events observed on Earth,
5,Science,The Universe,Solar system,
5,Science,The Universe,Solar system,
5,Science,The Universe,Solar system,
5,Science,The Universe,Solar system,
5,Science,The Universe,Story of the Universe,
5,Science,The Universe,Story of the Universe,
5,Science,The Universe,Story of the Universe,
5,Science,The Universe,Story of the Universe,
5,Science,Water,Chemical methods of purification of drinking water,
5,Science,Water,Chemical methods of purification of drinking water,
5,Science,Water,Chemical methods of purification of drinking water,
5,Science,Water,Chemical methods of purification of drinking water,
5,Science,Water,Impurities present in water,
5,Science,Water,Impurities present in water,
5,Science,Water,Impurities present in water,
5,Science,Water,Impurities present in water,
5,Science,Water,Impurities present in water,
5,Science,Water,Impurities present in water,
5,Science,Water,Impurities present in water,
5,Science,Water,Impurities present in water,
5,Science,Water,Impurities present in water,
5,Science,Water,Impurities present in water,
5,Science,Water,Introduction to water,
5,Science,Water,Physical methods of purification of drinking water,
5,Science,Water,Physical methods of purification of drinking water,
5,Science,Water,Physical methods of purification of drinking water,
5,Science,Water,Physical methods of purification of drinking water,
5,Science,Water,Removal of insoluble impurities,
5,Science,Water,Removal of insoluble impurities,
5,Science,Water,Removal of insoluble impurities,
5,Science,Water,Removal of insoluble impurities,
5,Science,Water,Uses of water,
5,Science,Water,Uses of water,
5,Science,Water,Uses of water,
5,Science,Water,Uses of water,
5,Science,Water,Water conservation,
5,Science,Water,Water conservation,
5,Science,Water,Water conservation,
5,Science,Water,Water conservation,
5,Science,Work,Introduction to Work,
5,Science,Work,Introduction to Work,
5,Science,Work,Introduction to Work,
5,Science,Work,Introduction to Work,
6,Mathematics,Angles,Introduction to Angles,https://www.youtube.com/watch?v=fQ_t0DrjY94
6,Mathematics,Angles,Introduction to Angles,https://www.youtube.com/watch?v=jSdWGcuDm5E
6,Mathematics,Area and Perimeter,Area and Perimeter of Polygons,https://youtu.be/Pyft4tijg_I
6,Mathematics,Area and Perimeter,Area and Perimeter of Rhombus,https://youtu.be/9HYpu6IvjWc
6,Mathematics,Area and Perimeter,Area and Perimeter of Rhombus,https://www.youtube.com/watch?v=mdRfwxxHFuM
6,Mathematics,Area and Perimeter,Area and Perimeter of Rhombus,https://www.youtube.com/watch?v=EM7b-IIbtTQ
6,Mathematics,Area and Perimeter,Area of Rhombus,https://www.youtube.com/watch?v=3Jx9gGpGbrA
6,Mathematics,Area and Perimeter,Area of Triangles,https://www.youtube.com/watch?v=dAns-8FJB1s
6,Mathematics,Area and Perimeter,Perimeter of Triangles,https://www.youtube.com/watch?v=1n4Fd-aDHNg
6,Mathematics,Area and Perimeter,Introduction to Area and Perimeter,https://www.youtube.com/watch?v=NeSjvIPUMcE
6,Mathematics,Area and Perimeter,Introduction to Area and Perimeter,https://www.youtube.com/watch?v=jtUuyv7pQiU
6,Mathematics,Area and Perimeter,Introduction to Area and Perimeter,https://www.youtube.com/watch?v=zjqJBHCHQQY
6,Mathematics,Averages,Compute Averages,https://youtu.be/nVs1XKFtn9s
6,Mathematics,Averages,Introduction to Averages,https://www.youtube.com/watch?v=ZlwnrUSbvv0
6,Mathematics,Circles,Introduction to Circles,https://youtu.be/m9dpeG2rKdY
6,Mathematics,Circles,Introduction to Circles,https://youtu.be/wSukTkxdnhg
6,Mathematics,Decimals,Operations on Decimals,https://www.youtube.com/watch?v=kwh4SD1ToFc
6,Mathematics,Decimals,Operations on Decimals,https://www.youtube.com/watch?v=FQwHKQoR7Ec
6,Mathematics,Decimals,Operations on Decimals,https://www.youtube.com/watch?v=9zaj5CldQzs
7,Mathematics,Angles,Pairs of Angles and Properties,Video unavailable
7,Mathematics,Expansions and Factorization,Factorization of algebraic expressions,https://www.youtube.com/watch?v=y1YbMPVE5Q0
7,Mathematics,Expansions and Factorization,Factorization of algebraic expressions,https://www.youtube.com/watch?v=00GCZmDKZNg
7,Mathematics,Expansions and Factorization,Factorization of algebraic expressions,https://www.youtube.com/watch?v=Ss_tdDlQU0g
7,Mathematics,Percentage,Introduction to Percentage,https://www.youtube.com/watch?v=NO5I1kVNJ7Q&t=24s
7,Mathematics,Percentage,Introduction to Percentage,https://www.youtube.com/watch?v=xPmpj5H6GGI
7,Mathematics,Percentage,Introduction to Percentage,https://www.youtube.com/watch?v=jBta8I0gA3A
7,Mathematics,Ratio and Proportion,Introduction to Proportion,https://www.youtube.com/watch?v=Q9BVF2y5cRg
7,Mathematics,Ratio and Proportion,Introduction to Proportion,https://www.youtube.com/watch?v=FEQ3iIDDOSo
7,Mathematics,Ratio and Proportion,Introduction to Proportion,https://www.youtube.com/watch?v=xp3mhUo71HE
7,Mathematics,Real Numbers,Operations on rational numbers,https://www.youtube.com/watch?v=5HMbVmIikzM
7,Mathematics,Real Numbers,Operations on rational numbers,https://www.youtube.com/watch?v=Rx74okVCDow
7,Mathematics,Real Numbers,Properties of addition,videos already present
7,Mathematics,Simple Interest,Computing Simple Interest,videos already present
7,Mathematics,Simple Interest,Introduction to Simple Interest,videos already present
7,Mathematics,Symmetry,Rotational Symmetry,videos already present
7,Mathematics,Variation,Introduction to Variation,videos already present
8,Mathematics,Profit Loss and Discount,Profit and Loss,https://www.youtube.com/watch?v=e4SqDLpyosk
8,Mathematics,Profit Loss and Discount,Profit and Loss,https://www.youtube.com/watch?v=g0_1ZhueCcE
8,Mathematics,Profit Loss and Discount,Profit and Loss,https://www.youtube.com/watch?v=RtgSqqRy8t0
8,Mathematics,Quadrilaterals,Introduction to Rhombus,https://www.youtube.com/watch?v=uXo_Vpctmrg
8,Mathematics,Quadrilaterals,Introduction to Rhombus,https://www.youtube.com/watch?v=EI9TyGpMhMY
9,Mathematics,Quadrilaterals,Theorems and proofs on parallelograms,https://www.youtube.com/watch?v=SWOsrBzfBzY
9,Mathematics,Quadrilaterals,Theorems and proofs on parallelograms,https://www.youtube.com/watch?v=sGnHX7jLMAM
9,Mathematics,Real Numbers,Rational Numbers on the Number Line,https://www.youtube.com/watch?v=J-mrAZbOvQ8
9,Mathematics,Real Numbers,Rational Numbers on the Number Line,https://www.youtube.com/watch?v=WynEmwOyMjE
9,Mathematics,Real Numbers,Rational Numbers on the Number Line,https://www.youtube.com/watch?v=SfhvqcG2aJc
9,Mathematics,Real Numbers,Rational Numbers on the Number Line,https://www.youtube.com/watch?v=y9y5EZ8nRpg
9,Mathematics,Real Numbers,Rational Numbers on the Number Line,https://www.youtube.com/watch?v=OBnAb6muD6I